GEOID,protests_left_wing,attendance_left_wing,protests_right_wing,attendance_right_wing,protests_pro_pan_int,attendance_pro_pan_int,protests_ant_pan_int,attendance_ant_pan_int,protests_racial_just,attendance_racial_just,protests_pro_trump,attendance_pro_trump,protests_ant_trump,attendance_ant_trump
01015,4,120,,,,,,,4,120,,,,
01019,1,125,,,,,,,1,125,,,,
01021,1,0,,,,,,,1,0,,,,
01029,1,100,,,,,,,1,100,,,,
01033,1,0,,,,,,,1,0,,,,
01043,1,30,,,,,,,1,30,,,,
01047,3,30,,,,,,,3,30,,,,
01055,4,300,2,0,,,,,4,300,1,0,,
01069,2,100,,,,,,,2,100,,,,
01073,18,645,2,20,1,0,,,14,620,1,20,1,5
01077,13,120,3,0,,,,,11,120,,,,
01079,1,300,,,,,,,1,300,,,,
01081,6,1350,1,0,,,,,5,1350,1,0,1,0
01083,1,100,1,20,,,1,20,1,100,,,,
01089,9,280,3,75,,,1,20,8,280,2,55,1,0
01095,4,20,1,0,,,,,4,20,,,,
01097,12,1330,4,20,,,,,8,1310,2,0,,
01101,18,820,5,180,1,0,4,160,12,725,1,20,,
01103,1,400,,,,,,,1,400,,,,
01109,1,0,,,,,,,1,0,,,,
01113,1,0,,,,,,,1,0,,,,
01125,5,1100,,,,,,,5,1100,,,,
02020,13,2433,8,401,1,0,3,121,10,2413,1,50,,
02050,1,0,,,,,,,1,0,,,,
02068,1,50,,,,,,,1,50,,,,
02090,2,500,,,,,,,2,500,,,,
02100,1,0,,,,,,,1,0,,,,
02110,7,870,2,60,,,,,2,650,1,10,,
02130,2,105,,,,,,,1,5,,,,
02150,2,200,,,,,,,2,200,,,,
02170,2,100,2,0,,,,,1,100,,,,
02188,1,0,,,,,,,1,0,,,,
02220,1,0,,,,,,,1,0,,,,
02261,1,60,1,0,,,,,1,60,1,0,,
04001,1,0,,,,,,,,,,,,
04003,9,570,1,0,,,,,4,470,,,,
04005,6,1140,,,,,,,4,1100,,,,
04007,2,114,,,,,,,2,114,,,,
04013,91,14484,37,10191,1,4,18,1390,60,11235,10,4726,2,700
04015,4,150,9,180,,,5,30,2,150,3,50,,
04019,27,4795,4,25,,,3,25,13,4735,,,1,0
04021,11,580,1,1,,,,,9,180,,,,
04023,2,20,,,,,,,,,,,,
04025,6,1250,4,0,,,1,0,4,1150,1,0,,
04027,4,603,1,20,,,,,1,600,1,20,1,3
05005,4,94,1,3,,,,,4,94,,,,
05007,3,1600,,,,,,,3,1600,,,,
05009,4,385,2,100,,,,,4,385,,,,
05031,7,340,1,0,,,1,0,6,340,,,,
05045,6,0,,,,,,,5,0,,,,
05051,1,40,,,,,,,1,40,,,,
05053,2,20,1,0,,,,,2,20,,,,
05055,1,0,,,,,,,1,0,,,,
05069,2,300,,,,,,,2,300,,,,
05085,1,100,,,,,,,1,100,,,,
05119,25,1605,8,135,,,1,0,18,1210,2,110,,
05125,2,200,,,,,,,2,200,,,,
05131,4,370,2,400,,,,,3,350,1,400,1,20
05139,3,220,3,0,,,,,3,220,,,,
05143,7,295,,,,,,,2,100,,,,
06001,104,61993,7,20,3,5,5,20,55,52285,,,3,0
06007,10,1310,8,575,,,6,500,3,250,1,0,,
06011,1,200,1,0,,,1,0,1,200,,,,
06013,27,2042,6,25,1,0,1,20,17,2020,1,0,1,0
06017,5,60,2,200,,,,,4,40,,,,
06019,15,3900,14,1745,,,10,825,10,3600,2,220,,
06021,1,50,,,,,,,1,50,,,,
06025,3,130,,,,,,,2,100,,,,
06029,20,1910,18,1310,,,7,550,13,1750,8,730,,
06031,2,500,1,40,,,1,40,1,500,,,,
06033,1,75,3,0,,,3,0,,,,,,
06037,292,100174,77,6195,3,10,41,1985,180,60242,17,3020,14,260
06039,1,0,,,,,,,1,0,,,,
06041,34,2210,8,341,,,3,90,23,1870,3,100,2,100
06045,6,432,,,,,,,4,402,,,,
06047,8,300,1,0,,,,,7,300,,,,
06053,24,3010,8,140,,,5,120,14,2700,1,20,1,0
06055,7,760,2,20,,,2,20,3,750,,,1,0
06057,13,325,11,385,,,4,50,5,180,4,320,,
06059,75,18035,37,7210,3,30,27,5880,50,17245,5,1180,1,0
06061,6,475,3,32,,,,,5,475,,,,
06065,33,11065,16,670,,,8,230,23,10335,5,245,1,300
06067,73,22275,37,8580,,,20,4755,40,11995,11,3225,8,70
06069,4,1010,3,1290,,,2,90,1,1000,1,1200,1,0
06071,29,3505,9,850,,,3,500,22,3185,1,10,,
06073,139,15680,32,2763,,,24,2290,103,13505,5,401,4,140
06075,75,36825,15,2375,1,0,8,1330,35,19440,2,25,7,220
06077,29,3140,12,1220,,,5,600,21,2650,2,195,,
06079,30,6800,9,190,,,6,190,22,5700,1,0,,
06081,30,5515,3,75,,,2,75,20,5130,,,1,300
06083,23,1266,12,400,,,7,340,9,800,1,20,1,0
06085,58,14152,3,10,1,0,1,0,38,6157,,,,
06087,20,8140,4,0,,,4,0,12,8000,,,,
06089,10,2250,7,100,,,6,100,7,2250,,,,
06093,2,100,2,0,,,1,0,2,100,,,,
06095,32,2155,5,300,1,0,4,200,25,2155,1,100,,
06097,15,1325,1,100,,,1,100,9,1000,,,,
06099,17,1081,9,600,1,1,3,50,10,1020,1,300,,
06101,1,0,,,,,,,,,,,,
06103,1,100,6,140,,,1,0,1,100,1,20,,
06107,7,515,6,660,,,5,660,7,515,,,,
06109,1,100,1,100,,,1,100,1,100,,,,
06111,31,5500,13,2450,,,9,2200,29,5200,,,,
06113,7,500,1,0,,,,,6,500,1,0,,
06115,2,100,1,0,,,,,,,,,,
08001,1,500,1,5,,,,,1,500,,,,
08003,1,30,,,,,,,1,30,,,,
08005,14,3370,3,1,,,1,0,9,3300,1,0,,
08013,17,1618,6,180,,,2,40,14,1530,1,30,,
08014,2,0,,,,,,,1,0,,,,
08015,3,235,,,,,,,2,220,,,,
08031,68,24315,18,1865,1,5,5,1220,35,12510,7,405,4,105
08035,1,0,3,0,,,2,0,,,,,,
08037,6,621,,,,,,,4,551,,,,
08041,36,2525,6,1100,,,2,1000,23,2185,2,100,2,200
08043,1,50,,,,,,,1,50,,,,
08045,3,85,1,60,,,,,1,85,1,60,,
08051,1,200,,,,,,,1,200,,,,
08059,2,0,1,1000,,,1,1000,1,0,,,,
08067,9,910,7,290,,,5,200,4,750,1,20,,
08069,19,873,7,2520,,,3,2115,18,873,,,,
08071,1,0,,,,,,,,,,,,
08075,1,100,,,,,,,1,100,,,,
08077,4,200,8,400,,,3,30,2,200,2,100,,
08083,4,100,6,1220,,,1,20,2,100,2,1120,,
08087,1,15,,,,,,,,,,,,
08097,7,699,,,,,,,6,699,,,,
08101,15,275,5,255,,,1,0,11,240,1,150,1,35
08107,1,0,,,,,,,,,,,,
08117,1,100,1,20,,,1,20,1,100,,,,
08119,1,0,2,315,,,1,300,,,,,,
08123,2,10,2,20,,,1,20,,,,,,
09001,79,4370,8,570,,,1,20,50,4100,1,100,,
09003,74,7980,23,4605,,,9,2805,45,6535,6,310,2,5
09005,2,0,1,200,,,,,2,0,,,,
09007,7,400,1,0,,,,,5,400,,,,
09009,64,6995,7,604,,,2,500,45,6635,2,100,1,0
09011,32,4237,3,41,,,2,40,21,3715,,,,
09013,13,335,2,80,,,,,10,315,,,,
09015,4,120,1,300,,,,,2,120,,,,
10001,4,240,4,300,,,3,300,2,240,,,,
10003,12,2565,3,40,,,2,40,9,2455,,,1,60
10005,4,300,,,,,,,3,300,,,,
11001,101,40770,32,25371,,,2,1000,48,30010,17,14060,13,905
12001,20,2005,4,100,,,,,14,1685,2,100,1,0
12005,7,190,,,,,,,7,190,,,,
12007,1,0,,,,,,,1,0,,,,
12009,17,3705,5,360,,,2,60,14,3495,1,0,,
12011,29,1430,11,280,,,7,210,23,980,3,50,,
12015,6,1300,4,100,,,,,2,1300,4,100,,
12019,4,101,3,10,,,,,4,101,1,0,,
12021,9,1390,5,130,,,1,0,8,1390,3,130,,
12031,34,7810,7,90,,,3,90,24,7620,4,0,2,0
12033,19,961,6,90,1,1,1,40,16,960,2,0,,
12035,5,200,,,,,,,4,100,,,,
12039,1,100,,,,,,,1,100,,,,
12053,3,250,1,0,,,,,1,250,,,,
12055,3,30,,,,,,,2,30,,,,
12057,54,6050,9,42,,,3,20,34,5870,2,0,2,20
12061,2,500,,,,,,,2,500,,,,
12069,3,220,1,0,,,,,3,220,,,,
12071,21,1635,5,210,,,2,0,16,1210,1,0,,
12073,52,7757,12,352,2,6,3,67,29,2185,6,285,2,1
12081,9,105,4,150,,,3,150,5,85,1,0,,
12083,6,145,,,,,,,4,60,,,1,5
12085,4,1290,3,140,,,1,100,2,1250,2,40,,
12086,61,2720,21,560,,,7,105,39,2590,10,320,2,20
12087,4,128,3,230,1,3,3,230,2,125,,,,
12091,1,0,1,0,,,,,1,0,,,,
12095,35,18835,4,70,,,1,0,28,18695,1,70,,
12097,7,160,,,,,,,3,140,,,,
12099,35,3490,16,1020,,,3,150,30,3380,10,670,,
12101,11,20,1,200,,,,,5,0,,,,
12103,44,4125,7,195,,,2,120,33,3695,1,0,1,0
12105,9,2575,3,100,,,1,0,5,2250,,,,
12107,3,200,1,0,,,,,3,200,,,,
12109,11,1000,4,20,,,,,10,1000,1,0,1,0
12111,2,200,1,0,,,,,2,200,,,,
12113,2,100,3,0,,,,,2,100,2,0,,
12115,21,1195,9,240,,,3,120,13,1095,5,120,,
12117,4,25,2,100,,,,,2,25,1,0,,
12127,13,2050,3,10,,,2,10,11,2000,,,,
12129,1,100,1,100,,,,,1,100,,,,
12131,4,571,1,50,1,1,,,3,570,,,,
13001,1,0,,,,,,,1,0,,,,
13009,1,30,,,,,,,,,,,,
13021,7,1100,,,,,,,5,1100,,,,
13031,4,600,,,,,,,4,600,,,,
13033,1,20,,,,,,,1,20,,,,
13051,14,545,6,180,,,,,9,430,3,140,1,5
13059,24,4805,2,13,,,,,17,4660,,,,
13063,3,30,,,,,,,3,30,,,,
13067,21,4480,7,340,,,2,50,17,4380,2,100,,
13071,2,50,,,,,,,2,50,,,,
13073,3,170,1,0,,,,,2,150,1,0,,
13077,5,0,,,,,,,4,0,,,,
13089,15,685,2,20,,,1,0,9,325,,,,
13095,3,60,,,,,,,3,60,,,,
13109,1,100,,,,,,,1,100,,,,
13115,11,280,1,200,,,,,10,130,,,,
13117,1,900,1,5,,,,,1,900,,,,
13121,66,6293,15,1400,2,20,2,100,41,6023,10,700,5,40
13127,8,500,2,0,,,,,8,500,2,0,,
13131,1,100,,,,,,,1,100,,,,
13135,13,2800,2,500,,,1,500,9,2500,1,0,,
13139,2,50,,,,,,,2,50,,,,
13151,2,120,2,275,,,,,2,120,,,,
13153,2,100,,,,,,,2,100,,,,
13155,1,0,1,0,,,,,,,,,,
13157,1,100,,,,,,,1,100,,,,
13179,1,0,,,,,,,1,0,,,,
13185,7,0,1,0,,,,,5,0,,,1,0
13189,1,0,,,,,,,1,0,,,,
13215,4,300,,,,,,,4,300,,,,
13217,2,300,,,,,,,2,300,,,,
13219,1,50,1,3,,,1,3,,,,,,
13245,11,1440,4,70,,,1,0,8,1420,,,,
13247,1,200,,,,,,,1,200,,,,
13251,1,100,,,,,,,1,100,,,,
13261,1,200,,,,,,,1,200,,,,
13275,4,220,,,,,,,4,220,,,,
13277,1,0,,,,,,,1,0,,,,
13285,1,50,,,,,,,1,50,,,,
13305,1,100,,,,,,,1,100,,,,
13313,3,560,4,50,,,,,3,560,3,50,,
15001,8,420,,,,,,,4,400,,,,
15003,17,11480,6,190,1,0,4,150,8,11320,2,40,1,0
15007,3,22,3,25,,,1,20,,,1,0,1,2
15009,11,295,2,300,1,10,1,100,3,0,1,200,,
16001,123,1138,31,2940,2,0,14,2040,14,558,7,550,1,0
16005,4,820,1,0,,,1,0,4,820,,,,
16013,2,200,1,60,,,1,60,1,100,,,,
16017,3,550,4,405,,,2,205,2,350,,,,
16019,4,120,2,50,,,1,20,3,120,,,,
16037,1,20,,,,,,,,,,,1,20
16055,4,340,14,1160,,,7,260,3,40,3,500,,
16057,5,300,6,470,,,5,470,4,300,,,,
16061,1,0,,,,,,,,,,,,
16065,6,70,2,10,,,2,10,,,,,,
16069,1,0,1,0,,,,,1,0,,,,
17001,2,75,1,0,,,1,0,2,75,,,,
17019,21,3370,3,320,,,1,20,15,3140,,,,
17021,1,300,1,0,,,1,0,1,300,,,,
17029,5,290,1,0,,,,,3,280,,,,
17031,212,49974,31,3330,2,55,14,1790,126,45128,4,160,7,232
17037,17,1400,1,78,,,1,78,14,1400,,,1,0
17041,1,0,,,,,,,1,0,,,,
17043,12,430,5,180,,,3,150,8,250,,,1,80
17049,1,500,2,0,,,,,1,500,,,,
17055,1,100,,,,,,,1,100,,,,
17057,1,120,,,,,,,1,120,,,,
17063,1,150,,,,,,,1,150,,,,
17073,1,400,,,,,,,1,400,,,,
17077,9,920,1,0,,,,,8,920,,,,
17083,1,200,,,,,,,1,200,,,,
17087,1,0,,,,,,,1,0,,,,
17089,20,3515,7,1080,,,5,80,15,2290,1,1000,,
17093,2,100,1,0,,,,,2,100,,,,
17095,3,630,,,,,,,3,630,,,,
17097,21,5930,8,390,,,5,310,14,5540,1,0,2,0
17099,8,200,6,120,,,2,20,8,200,1,100,,
17105,1,100,,,,,,,1,100,,,,
17107,1,50,,,,,,,1,50,,,,
17109,7,100,,,,,,,7,100,,,,
17111,16,643,7,660,2,4,4,310,8,600,2,350,2,4
17113,19,2108,3,500,,,,,16,2078,,,,
17115,9,1185,2,13,,,,,7,1145,1,13,,
17119,14,2600,2,80,,,,,14,2600,1,0,,
17127,1,0,,,,,,,1,0,,,,
17133,1,300,,,,,,,1,300,,,,
17137,4,100,1,0,,,1,0,4,100,,,,
17141,1,0,,,,,,,1,0,,,,
17143,3,2000,1,70,,,,,3,2000,1,70,,
17145,4,320,2,0,,,,,4,320,,,,
17147,1,0,,,,,,,1,0,,,,
17153,1,0,,,,,,,,,,,,
17161,6,120,1,0,,,,,4,120,1,0,,
17163,17,1375,,,,,,,17,1375,,,,
17167,15,4975,15,2035,1,0,12,1975,10,4050,3,60,,
17177,6,210,,,,,,,4,150,,,1,40
17179,1,150,1,4,,,,,1,150,,,,
17181,1,150,,,,,,,1,150,,,,
17183,3,660,1,0,,,,,3,660,,,,
17187,3,228,,,,,,,1,200,,,,
17197,23,1626,10,410,1,0,5,170,19,1601,4,230,,
17199,4,460,,,,,,,3,430,,,,
17201,33,1230,5,555,,,1,100,27,1020,,,1,0
18003,27,620,7,1670,,,,,21,595,3,140,1,0
18005,4,910,,,,,,,3,850,,,,
18011,1,7,,,,,,,1,7,,,,
18013,1,0,1,8,,,,,1,0,,,,
18017,1,20,,,,,,,,,,,,
18019,6,370,1,0,,,,,6,370,,,,
18021,1,0,,,,,,,,,,,,
18027,1,5,1,0,,,1,0,1,5,,,,
18033,2,180,2,300,,,,,2,180,2,300,,
18035,7,2515,1,50,,,,,6,2495,,,,
18039,10,610,5,545,,,4,470,8,510,,,,
18043,1,100,,,,,,,1,100,,,,
18053,5,142,,,,,,,4,142,,,,
18057,3,350,,,,,,,2,300,,,,
18059,2,300,1,50,,,,,2,300,,,,
18067,4,140,,,,,,,4,140,,,,
18075,1,80,,,,,,,,,,,,
18081,1,500,2,60,,,1,50,1,500,,,,
18083,2,400,,,,,,,2,400,,,,
18085,1,0,,,,,,,1,0,,,,
18089,15,990,4,146,,,1,25,14,980,,,,
18091,4,230,2,100,,,1,100,1,100,1,0,,
18093,4,0,3,0,,,,,4,0,,,,
18095,10,360,6,180,,,,,7,360,1,30,,
18097,39,5080,14,1050,,,6,790,30,4800,3,60,,
18105,21,3097,1,1000,,,,,13,2900,,,,
18109,1,0,2,100,,,,,1,0,1,100,,
18117,2,75,,,,,,,2,75,,,,
18127,2,450,2,160,,,1,60,2,450,1,100,,
18139,1,0,,,,,,,1,0,,,,
18141,15,910,2,145,,,,,10,670,,,,
18151,2,0,,,,,,,2,0,,,,
18157,9,2120,1,10,,,,,9,2120,1,10,,
18163,15,1490,1,0,,,,,14,1440,,,,
18167,19,550,5,221,,,,,8,425,3,201,,
18177,4,370,,,,,,,4,370,,,,
19013,15,1275,2,200,,,,,13,1160,1,100,,
19015,2,300,,,,,,,2,300,,,,
19023,1,0,,,,,,,,,,,,
19033,3,5,,,,,,,3,5,,,,
19041,2,580,,,,,,,2,580,,,,
19045,3,0,,,,,,,3,0,,,,
19057,2,100,,,,,,,2,100,,,,
19061,5,1150,,,,,,,5,1150,,,,
19103,36,7200,3,75,,,,,31,7010,1,0,,
19113,9,3111,2,250,,,,,8,3101,,,,
19123,2,0,,,,,,,2,0,,,,
19153,38,9687,9,743,1,30,2,300,32,8457,4,93,1,200
19155,1,0,,,,,,,,,,,1,0
19163,16,1160,3,0,,,,,13,1160,,,,
19169,7,500,,,,,,,7,500,,,,
19179,3,100,,,,,,,3,100,,,,
19181,1,200,,,,,,,1,200,,,,
19187,1,100,,,,,,,1,100,,,,
19189,1,0,,,,,,,1,0,,,,
19193,4,300,,,,,,,4,300,,,,
20005,1,0,,,,,,,1,0,,,,
20011,2,0,,,,,,,2,0,,,,
20035,3,75,1,0,,,,,3,75,,,,
20037,2,300,,,,,,,1,300,,,,
20045,11,1245,1,40,,,1,40,4,1115,,,,
20061,3,1,,,,,,,2,1,,,,
20079,1,75,,,,,,,1,75,,,,
20091,14,510,7,220,,,3,120,12,510,,,,
20097,1,50,,,,,,,1,50,,,,
20099,1,800,,,,,,,1,800,,,,
20103,1,0,,,,,,,,,,,,
20113,1,400,,,,,,,1,400,,,,
20117,1,100,,,,,,,1,100,,,,
20155,3,790,,,,,,,3,790,,,,
20161,7,2280,1,0,,,,,4,2250,1,0,,
20167,1,0,,,,,,,1,0,,,,
20173,22,4191,7,208,,,4,128,17,4141,3,80,,
20177,18,920,12,1143,1,0,3,450,8,790,5,403,,
20191,3,500,,,,,,,3,500,,,,
20209,4,24,,,,,,,2,20,,,,
21005,1,0,1,0,,,,,1,0,1,0,,
21009,3,150,,,,,,,1,150,,,,
21015,3,10,,,,,,,1,0,,,,
21019,1,1,1,0,,,,,1,1,1,0,,
21021,2,700,,,,,,,2,700,,,,
21033,1,70,,,,,,,1,70,,,,
21035,11,420,7,40,,,,,11,420,,,,
21043,4,60,4,345,,,,,4,60,,,,
21047,6,200,,,,,,,5,200,,,,
21049,3,60,,,,,,,2,60,,,,
21059,6,540,1,0,,,,,6,540,,,,
21067,36,2260,5,100,,,3,0,27,1950,1,100,2,60
21071,2,150,,,,,,,1,150,,,,
21073,16,980,20,2368,,,11,1840,2,600,3,103,,
21085,2,100,,,,,,,2,100,,,,
21093,3,0,,,,,,,2,0,,,,
21095,1,0,,,,,,,1,0,,,,
21101,2,200,1,0,,,1,0,2,200,,,,
21111,170,13705,15,1540,,,,,161,9605,1,1000,2,100
21115,1,50,1,0,,,,,1,50,1,0,,
21117,4,320,,,,,,,4,320,,,,
21121,2,100,,,,,,,2,100,,,,
21125,2,0,,,,,,,2,0,,,,
21133,1,0,,,,,,,1,0,,,,
21141,1,0,,,,,,,1,0,,,,
21143,1,0,,,,,,,1,0,,,,
21145,9,1350,1,0,,,,,9,1350,1,0,,
21151,4,350,3,100,,,1,0,4,350,1,0,,
21157,1,0,,,,,,,1,0,,,,
21161,1,200,,,,,,,1,200,,,,
21173,1,0,,,,,,,1,0,,,,
21185,47,850,1,60,,,1,60,47,850,,,,
21195,2,10,1,20,,,,,1,0,,,,
21199,1,0,1,0,,,,,1,0,1,0,,
21205,1,250,,,,,,,1,250,,,,
21227,14,1520,,,,,,,12,1520,,,1,0
21235,4,300,1,25,,,,,3,300,1,25,,
21239,1,0,,,,,,,1,0,,,,
22001,1,0,,,,,,,1,0,,,,
22003,1,0,,,,,,,1,0,,,,
22005,2,180,,,,,,,2,180,,,,
22011,1,0,,,,,,,1,0,,,,
22015,2,25,,,,,,,1,0,,,,
22017,13,850,3,1196,,,,,11,850,1,146,,
22019,3,400,3,200,,,1,0,2,400,1,200,,
22033,22,2502,14,1184,,,3,450,17,2201,6,333,,
22045,2,100,,,,,,,2,100,,,,
22051,8,640,,,,,,,4,420,,,,
22053,1,150,,,,,,,1,150,,,,
22055,15,1665,4,60,,,,,14,1665,1,20,,
22061,1,0,,,,,,,1,0,,,,
22063,1,100,,,,,,,1,100,,,,
22069,1,0,,,,,,,1,0,,,,
22071,32,8145,1,25,,,1,25,18,7705,,,1,0
22073,4,225,,,,,,,3,225,,,,
22075,1,0,,,,,,,1,0,,,,
22079,4,0,1,1000,,,,,4,0,,,,
22095,1,30,,,,,,,,,,,,
22097,1,10,,,,,,,1,10,,,,
22099,1,0,,,,,,,1,0,,,,
22101,1,0,,,,,,,1,0,,,,
22103,3,200,,,,,,,2,200,,,,
22105,3,75,1,0,,,,,3,75,,,,
22109,5,145,1,0,,,,,3,125,,,1,20
22113,1,0,1,0,,,1,0,1,0,,,,
22115,2,0,,,,,,,2,0,,,,
22119,2,0,,,,,,,2,0,,,,
22121,2,100,,,,,,,2,100,,,,
22125,2,250,,,,,,,2,250,,,,
23001,6,1250,1,0,,,,,5,1250,,,,
23003,9,171,1,0,,,,,9,171,,,,
23005,29,9210,2,0,,,,,21,8820,,,1,20
23007,1,0,,,,,,,1,0,,,,
23009,4,200,,,,,,,4,200,,,,
23011,12,1353,17,1028,,,12,1025,7,1223,3,3,,
23013,5,200,1,0,,,1,0,3,200,,,,
23015,2,75,1,3,,,,,2,75,,,,
23017,2,365,3,150,,,2,150,2,365,,,,
23019,9,2090,4,220,,,1,20,2,1000,3,200,3,1040
23021,2,0,1,0,,,,,1,0,1,0,1,0
23023,5,220,,,,,,,2,20,,,,
23025,1,35,,,,,,,1,35,,,,
23027,2,0,1,0,,,1,0,2,0,,,,
23031,6,1020,,,,,,,5,1000,,,,
24001,2,200,1,0,,,,,1,0,,,,
24003,29,4136,14,775,1,1,8,400,22,3860,1,0,1,0
24005,11,1960,3,120,,,2,120,10,1860,,,,
24013,12,170,5,27,,,2,25,9,150,,,1,20
24019,2,200,1,0,,,,,1,200,1,0,1,0
24021,11,1200,5,120,,,1,20,10,1180,,,1,20
24025,3,500,,,,,,,3,500,,,,
24027,3,1200,4,120,,,3,120,1,1000,,,,
24029,3,20,,,,,,,2,20,,,,
24031,7,1830,1,100,,,,,5,1300,1,100,,
24033,6,2170,2,50,,,,,5,2170,,,,
24035,9,390,1,60,,,1,60,9,390,,,,
24041,6,120,2,100,,,,,6,120,,,,
24043,3,320,1,0,,,1,0,2,300,,,,
24045,3,220,1,0,,,,,2,200,,,,
24047,1,0,1,0,,,,,1,0,,,,
24510,44,3245,6,120,,,2,20,30,2885,,,3,60
25001,10,1495,4,60,,,1,0,6,1350,3,60,2,100
25003,11,2505,2,0,,,2,0,9,2505,,,1,0
25005,16,950,4,20,,,,,16,950,1,0,,
25007,6,350,2,0,,,1,0,5,320,1,0,1,30
25009,62,4845,21,928,,,8,233,50,4375,6,430,2,5
25011,14,1485,5,50,,,,,7,1385,5,50,3,100
25013,25,4763,5,830,,,1,0,15,4680,4,830,2,35
25015,24,6845,3,40,1,0,1,40,14,6530,2,0,2,15
25017,66,10520,5,600,,,,,45,9750,1,0,,
25019,1,100,,,,,,,1,100,,,,
25021,20,5732,1,20,,,1,20,10,5270,,,1,0
25023,19,2465,6,1520,,,1,70,16,2425,2,250,,
25025,101,15895,18,1226,1,0,4,590,59,11945,2,135,6,500
25027,36,2965,1,20,1,5,,,23,2725,,,,
26001,1,100,,,,,,,1,100,,,,
26005,1,0,,,,,,,,,,,,
26007,4,550,,,,,,,2,450,,,,
26017,3,0,,,,,,,3,0,,,,
26021,5,1450,2,200,,,,,4,1450,,,,
26023,1,200,1,0,,,,,1,200,1,0,,
26025,7,805,2,80,,,1,20,3,750,,,,
26031,1,100,,,,,,,1,100,,,,
26033,1,0,1,20,,,1,20,,,,,,
26041,1,100,,,,,,,1,100,,,,
26043,2,100,1,10,,,,,2,100,,,,
26047,9,450,2,55,,,,,8,450,,,,
26049,13,995,1,100,,,,,9,900,,,,
26051,1,75,,,,,,,1,75,,,,
26053,2,0,,,,,,,1,0,,,,
26055,3,1000,1,0,,,,,1,1000,,,,
26059,2,100,1,0,,,,,1,100,1,0,1,0
26061,5,1010,3,1180,,,2,1000,5,1010,1,180,,
26063,1,200,1,3,,,,,1,200,,,,
26065,40,3390,32,6065,5,15,21,4345,20,2885,8,1500,2,20
26067,1,120,,,,,,,1,120,,,,
26073,6,976,1,150,,,,,5,970,1,150,,
26075,2,400,,,,,,,2,400,,,,
26077,27,2280,1,20,,,,,19,1020,,,,
26081,24,4072,7,670,1,2,3,550,18,4000,1,100,,
26085,1,0,,,,,,,1,0,,,,
26091,5,482,4,180,,,,,2,400,3,180,,
26093,4,150,1,0,,,,,3,150,,,,
26099,28,6230,6,0,,,1,0,23,6170,2,0,2,0
26103,8,255,3,20,,,1,0,7,255,,,,
26105,3,80,4,1300,,,,,2,80,1,1200,,
26111,2,175,,,,,,,2,175,,,,
26115,1,0,2,0,,,,,,,1,0,,
26117,1,0,,,,,,,,,,,,
26121,10,340,,,,,,,6,220,,,1,100
26125,33,3790,5,75,,,2,50,26,3640,1,0,1,0
26139,15,4190,8,550,,,2,150,12,4170,,,2,20
26145,8,1220,,,,,,,7,1190,,,1,30
26147,6,220,1,0,,,,,5,220,,,,
26149,1,0,2,120,,,1,100,1,0,,,,
26155,2,150,1,20,,,1,20,2,150,,,,
26157,1,0,,,,,,,1,0,,,,
26161,45,5580,3,175,,,2,175,29,4860,,,1,10
26163,162,12213,19,1007,,,5,210,133,10798,6,295,2,10
26165,3,303,,,,,,,2,303,,,,
27001,3,400,,,,,,,,,,,,
27003,5,125,1,0,,,,,4,125,1,0,,
27007,8,800,2,200,,,1,50,4,300,,,1,400
27013,4,540,1,100,,,,,2,0,1,100,1,500
27017,1,0,,,,,,,,,,,,
27021,2,10,,,,,,,,,,,,
27031,2,100,1,30,,,1,30,2,100,,,,
27035,3,120,2,10,1,10,1,0,2,110,,,,
27037,5,250,,,,,,,5,250,,,,
27039,1,0,1,1,,,,,1,0,,,,
27041,1,0,1,0,,,,,1,0,,,,
27049,3,0,,,,,,,3,0,,,,
27053,77,23960,2,0,,,,,50,20630,1,0,3,40
27061,1,0,,,,,,,,,,,,
27067,2,35,2,0,,,,,2,35,1,0,,
27099,1,200,,,,,,,1,200,,,,
27103,2,300,,,,,,,1,300,,,,
27109,9,400,3,70,,,2,70,8,400,1,0,1,0
27119,1,0,1,0,,,1,0,,,,,,
27123,42,5230,16,2520,2,14,7,1770,19,5050,5,720,4,26
27131,2,0,,,,,,,1,0,,,,
27137,19,1895,4,140,,,2,20,11,1605,1,100,5,170
27139,1,0,,,,,,,,,,,,
27145,9,720,1,0,,,,,6,440,1,0,,
27147,2,100,,,,,,,2,100,,,,
27151,1,16,,,,,,,1,16,,,,
27161,1,100,,,,,,,1,100,,,,
27163,2,400,1,0,,,,,2,400,,,,
27165,1,150,,,,,,,1,150,,,,
27171,1,0,,,,,,,,,,,,
28003,2,600,1,150,,,,,2,600,,,,
28011,1,20,,,,,,,1,20,,,,
28027,1,0,,,,,,,1,0,,,,
28033,1,70,,,,,,,1,70,,,,
28035,10,1580,1,0,,,,,10,1580,,,,
28047,8,175,5,800,,,1,100,5,160,2,700,,
28049,15,1665,6,120,,,2,0,7,1370,1,0,1,0
28057,1,0,,,,,,,1,0,,,,
28059,1,20,1,20,,,,,1,20,,,,
28067,2,10,1,0,,,,,2,10,,,,
28071,9,370,,,,,,,7,340,,,,
28073,1,0,,,,,,,1,0,,,,
28075,1,200,,,,,,,1,200,,,,
28081,4,100,1,100,,,,,4,100,,,,
28083,3,160,1,25,,,1,25,3,160,,,,
28087,2,200,1,1,,,,,2,200,,,,
28093,2,0,,,,,,,2,0,,,,
28095,1,0,,,,,,,1,0,,,,
28105,3,2350,,,,,,,2,2350,,,,
28109,6,20,,,,,,,5,0,,,,
28115,1,200,,,,,,,1,200,,,,
28117,2,20,,,,,,,2,20,,,,
28121,3,0,2,0,,,,,2,0,,,,
28139,2,0,,,,,,,2,0,,,,
28145,1,100,,,,,,,1,100,,,,
28149,1,0,,,,,,,1,0,,,,
29001,1,250,,,,,,,1,250,,,,
29007,2,100,,,,,,,2,100,,,,
29019,109,3868,4,175,,,2,75,105,3780,,,,
29021,4,0,,,,,,,4,0,,,,
29029,1,300,1,0,,,,,1,300,,,,
29031,5,170,1,100,,,,,3,170,1,100,,
29051,6,120,5,1400,,,1,700,,,2,200,,
29071,4,0,,,,,,,4,0,,,,
29077,16,4322,5,105,,,3,100,11,4270,1,5,,
29085,1,0,,,,,,,1,0,,,,
29095,55,5765,13,315,1,0,8,175,36,5585,2,100,1,0
29097,6,310,3,200,,,1,100,5,310,1,100,,
29099,4,240,3,20,1,0,3,20,3,240,,,,
29101,1,0,,,,,,,1,0,,,,
29107,2,100,,,,,,,2,100,,,,
29111,1,0,,,,,,,1,0,,,,
29115,1,15,,,,,,,1,15,,,,
29127,2,100,,,,,,,2,100,,,,
29147,1,300,,,,,,,1,300,,,,
29157,1,100,1,20,,,,,1,100,,,,
29159,1,0,1,0,,,,,1,0,,,,
29161,1,300,,,,,,,1,300,,,,
29169,1,0,,,,,,,1,0,,,,
29175,1,100,,,,,,,1,100,,,,
29183,7,650,1,100,,,,,7,650,1,100,,
29189,49,6542,8,150,4,2,8,150,40,6260,,,,
29195,1,300,1,50,,,1,50,1,300,,,,
29213,3,85,2,50,,,,,3,85,,,,
29510,50,8885,3,125,,,,,33,8495,1,125,,
30003,1,0,,,,,,,,,,,,
30013,5,920,5,103,,,,,3,900,,,,
30029,6,1065,5,152,,,,,4,1060,2,50,1,0
30031,6,3094,10,363,1,60,7,123,3,3020,1,40,,
30049,7,1971,10,752,1,1,6,502,3,1170,2,150,,
30053,1,200,2,20,,,,,1,200,,,,
30063,13,460,3,60,,,,,10,320,,,,
30081,1,250,,,,,,,1,250,,,,
30093,1,0,,,,,,,,,,,,
30111,4,1380,3,150,,,1,100,3,1350,1,50,,
31019,3,105,,,,,,,3,105,,,,
31035,1,50,,,,,,,1,50,,,,
31045,1,20,,,,,,,1,20,,,,
31053,3,120,1,0,,,,,2,120,,,,
31055,37,6817,6,2350,,,3,270,30,6750,1,80,1,0
31067,1,0,,,,,,,1,0,,,,
31079,9,385,1,0,,,1,0,9,385,,,,
31109,21,8215,6,2203,,,1,100,16,8100,3,103,1,5
31119,2,200,1,20,,,1,20,2,200,,,,
31141,1,50,,,,,,,1,50,,,,
31145,1,50,,,,,,,1,50,,,,
31153,2,100,,,,,,,1,100,,,,
31179,2,300,,,,,,,2,300,,,,
32003,47,6965,28,3240,1,0,17,2530,27,6490,8,510,,
32005,2,400,1,200,,,,,1,400,,,,
32007,3,201,3,60,,,2,50,3,201,,,,
32013,1,0,,,,,,,,,,,,
32031,7,1300,4,270,,,4,270,3,1200,,,,
32510,5,4,9,930,,,3,400,2,0,4,530,2,1
33001,4,340,1,0,,,1,0,4,340,,,,
33003,8,880,,,,,,,6,830,,,1,50
33005,6,400,1,50,,,,,6,400,1,50,,
33007,2,50,,,,,,,2,50,,,,
33009,5,310,,,,,,,2,200,,,,
33011,13,2301,7,200,,,2,5,8,2300,2,120,2,1
33013,7,3040,12,1218,1,0,5,1100,2,3000,5,105,1,10
33015,14,7120,7,130,,,5,130,8,7050,2,0,3,20
33017,16,1325,1,0,,,,,5,1020,1,0,,
33019,1,100,,,,,,,1,100,,,,
34001,10,1135,2,200,,,,,9,935,,,1,200
34003,36,5985,10,311,,,3,20,25,5730,3,240,3,20
34005,9,3110,,,,,,,8,3110,,,,
34007,10,1965,1,0,,,1,0,8,1960,,,1,5
34009,7,1320,3,26,,,1,25,5,1120,,,1,200
34011,4,75,,,,,,,3,75,,,,
34013,36,13350,6,100,,,5,100,27,12030,,,1,1000
34015,5,570,1,0,,,,,5,570,,,,
34017,17,5430,1,20,,,,,7,5120,,,,
34019,4,60,,,,,,,4,60,,,,
34021,18,1302,10,1531,,,4,330,8,1200,1,1,1,2
34023,14,4935,3,150,,,2,50,10,4850,,,,
34025,13,7520,7,390,,,5,90,11,7500,2,20,1,0
34027,12,1400,9,300,,,4,100,8,1400,5,200,1,0
34029,9,595,5,620,,,3,500,7,475,1,100,,
34031,6,1300,2,100,,,1,0,6,1300,,,,
34035,5,300,5,1175,,,,,3,200,4,1175,,
34037,9,800,7,165,,,4,65,8,700,,,,
34039,15,2473,2,40,,,1,40,10,2450,1,0,,
34041,1,100,,,,,,,1,100,,,,
35001,36,4490,9,282,,,4,260,27,3270,2,10,,
35005,2,100,8,120,,,5,120,2,100,1,0,,
35006,1,30,1,0,,,1,0,,,,,,
35009,2,0,1,0,,,,,2,0,,,,
35013,11,550,5,110,,,3,30,10,500,,,,
35015,5,80,4,3,,,2,3,5,80,,,,
35017,1,450,3,65,,,1,65,1,450,,,,
35027,2,50,,,,,,,2,50,,,,
35029,1,9,1,0,,,,,1,9,,,,
35035,5,85,3,13,,,1,0,5,85,1,3,,
35041,2,500,2,420,,,1,20,2,500,,,,
35043,3,220,3,125,,,,,3,220,1,5,,
35045,6,458,4,1000,,,4,1000,6,458,,,,
35047,1,0,,,,,,,,,,,,
35049,18,1520,13,1800,,,5,150,9,1130,4,800,1,20
35053,2,120,,,,,,,2,120,,,,
35055,2,10,1,200,,,,,,,1,200,1,10
36001,33,2053,18,1356,,,8,580,11,1690,6,76,4,3
36003,6,12,,,,,,,6,12,,,,
36005,9,320,2,200,,,,,7,220,,,,
36007,8,2475,2,25,,,,,8,2475,,,,
36009,4,400,,,,,,,3,400,,,,
36011,3,400,1,20,,,,,2,250,,,,
36013,10,560,,,,,,,7,460,,,1,0
36015,9,1050,,,,,,,8,1050,,,,
36017,2,200,2,40,,,,,2,200,,,,
36019,8,1260,1,300,,,,,3,1060,,,1,0
36021,9,465,1,40,,,,,6,425,,,,
36023,5,590,,,,,,,5,590,,,,
36025,3,520,2,20,,,,,3,520,,,,
36027,15,3871,4,230,,,2,30,15,3871,,,,
36029,48,6320,22,1203,1,0,17,1191,34,6300,,,1,0
36031,4,625,,,,,,,3,625,,,,
36033,2,500,,,,,,,2,500,,,,
36037,2,0,,,,,,,2,0,,,,
36039,6,300,2,445,,,,,5,300,,,,
36043,5,220,,,,,,,,,,,,
36045,4,0,1,400,,,,,1,0,,,,
36047,50,53640,12,830,,,8,530,33,28110,1,300,2,100
36049,1,0,1,100,,,1,100,1,0,,,,
36053,1,100,3,15,,,,,1,100,2,0,,
36055,53,9385,3,5,,,2,0,47,9255,,,,
36057,6,20,4,15,,,,,6,20,,,,
36059,83,22087,29,5313,,,12,460,73,19457,6,2600,1,10
36061,125,33310,19,1720,,,8,1220,60,26935,3,0,9,240
36063,5,190,1,200,,,,,5,190,1,200,,
36065,7,265,4,115,,,1,0,3,150,1,0,,
36067,29,5015,6,460,,,3,220,28,5015,2,140,,
36069,10,450,,,,,,,8,450,,,,
36071,13,1920,5,120,,,1,0,9,1450,,,1,300
36075,4,200,,,,,,,2,200,,,1,0
36077,5,800,,,,,,,5,800,,,,
36079,4,120,1,0,,,,,4,120,,,,
36081,55,7740,12,60,1,0,4,60,34,6860,1,0,1,0
36083,8,8180,1,0,,,1,0,6,8110,,,,
36085,17,3425,12,1135,,,9,585,11,3355,1,300,,
36087,5,325,4,1000,,,1,0,3,250,1,0,1,75
36089,11,1244,1,0,,,,,7,1220,,,,
36091,12,2516,2,300,,,,,9,2200,1,100,,
36093,7,1075,3,55,,,1,25,6,775,,,,
36095,1,0,,,,,,,1,0,,,,
36099,3,100,2,0,,,2,0,1,0,,,,
36101,2,620,,,,,,,2,620,,,,
36103,62,6985,21,3036,,,9,323,55,6925,3,100,2,0
36105,6,480,,,,,,,6,480,,,,
36109,12,500,2,50,,,,,9,450,,,,
36111,12,2170,1,0,,,1,0,10,2170,,,1,0
36113,9,2481,5,60,,,1,30,5,2350,1,20,2,1
36115,3,90,1,25,,,,,3,90,1,25,,
36117,1,0,1,2000,,,,,1,0,,,,
36119,36,6430,8,420,,,3,100,24,6290,3,120,,
36123,1,20,,,,,,,1,20,,,,
37001,29,2861,12,275,,,2,0,19,2831,2,100,,
37003,1,0,,,,,,,1,0,,,,
37009,1,300,1,0,,,,,1,300,,,,
37013,4,125,,,,,,,4,125,,,,
37015,1,60,,,,,,,,,,,,
37021,25,3710,3,0,,,1,0,15,3650,,,,
37023,5,50,2,40,,,1,40,3,50,,,,
37025,5,0,1,0,,,1,0,5,0,,,,
37035,3,100,,,,,,,3,100,,,,
37037,1,0,1,0,,,,,1,0,,,,
37039,1,0,,,,,,,1,0,,,,
37041,1,35,,,,,,,,,,,,
37045,1,0,,,,,,,1,0,,,,
37049,3,420,,,,,,,2,400,,,,
37051,11,375,3,350,,,1,100,10,345,,,,
37055,1,500,,,,,,,1,500,,,,
37057,2,20,2,0,,,,,2,20,1,0,,
37063,27,3650,,,,,,,19,3300,,,,
37065,2,0,,,,,,,2,0,,,,
37067,63,4333,2,60,,,1,60,58,4173,,,1,60
37071,4,30,2,10,,,1,10,3,30,,,,
37073,1,0,,,,,,,1,0,,,,
37077,3,265,,,,,,,2,250,,,,
37081,15,3315,9,140,,,3,100,14,3305,,,,
37085,1,100,,,,,,,1,100,,,,
37087,5,430,6,250,,,1,50,5,430,1,0,,
37089,6,750,1,100,,,,,2,750,1,100,1,0
37093,2,200,,,,,,,2,200,,,,
37097,6,740,3,0,,,,,6,740,,,,
37099,3,450,2,10,,,,,3,450,,,,
37107,1,100,,,,,,,1,100,,,,
37115,1,200,,,,,,,1,200,,,,
37119,40,4805,15,381,,,4,270,30,3650,3,60,5,225
37127,1,100,,,,,,,1,100,,,,
37129,17,1775,8,30,,,5,30,12,1715,1,0,2,20
37133,2,0,,,,,,,2,0,,,,
37135,11,1500,1,1,,,,,7,1440,,,,
37139,1,300,,,,,,,1,300,,,,
37145,2,20,,,,,,,2,20,,,,
37147,2,515,,,,,,,1,500,,,,
37151,8,275,2,0,,,,,8,275,,,,
37155,8,360,1,0,,,,,8,360,,,,
37157,1,100,,,,,,,1,100,,,,
37159,5,900,2,20,,,1,20,5,900,,,,
37167,2,160,1,50,,,,,2,160,1,50,,
37169,3,230,,,,,,,3,230,,,,
37171,4,900,1,300,,,,,4,900,,,,
37173,1,5,1,200,,,,,1,5,,,,
37179,1,0,,,,,,,,,,,,
37183,70,7230,28,3831,4,20,16,1920,51,6660,5,650,1,100
37189,3,300,1,200,,,,,3,300,,,,
37193,2,300,,,,,,,2,300,,,,
37195,3,300,,,,,,,3,300,,,,
38015,6,475,3,650,,,1,150,6,475,2,500,,
38017,20,4870,2,30,,,1,30,12,4570,,,,
38035,2,500,1,0,,,1,0,2,500,,,,
38079,1,150,,,,,,,,,,,,
38089,1,0,,,,,,,1,0,,,,
38101,1,0,,,,,,,1,0,,,,
38105,1,10,,,,,,,1,10,,,,
39003,3,400,,,,,,,3,400,,,,
39005,10,50,2,330,,,,,10,50,1,30,,
39007,3,160,1,0,,,,,2,100,,,,
39009,6,440,1,0,,,,,5,340,,,,
39011,2,0,1,0,,,,,2,0,1,0,,
39017,12,1055,2,130,,,1,30,12,1055,,,,
39023,7,1080,1,0,,,,,6,1080,,,,
39025,1,50,1,750,,,,,1,50,,,,
39029,1,0,3,120,,,3,120,,,,,,
39031,1,350,,,,,,,1,350,,,,
39033,1,100,,,,,,,1,100,,,,
39035,49,5750,8,141,,,6,91,30,5130,,,3,500
39037,1,0,,,,,,,,,,,,
39041,1,0,,,,,,,1,0,,,,
39043,1,10,,,,,,,,,,,,
39045,3,200,2,50,,,,,3,200,,,,
39049,48,5490,16,445,2,25,11,355,35,5125,5,90,2,5
39053,2,0,,,,,,,2,0,,,,
39055,1,5,2,0,,,1,0,1,5,,,,
39057,11,600,3,34,,,3,34,10,600,,,,
39059,2,170,,,,,,,1,100,,,,
39061,27,3645,3,1000,,,,,26,3645,2,1000,,
39063,1,0,,,,,,,1,0,,,,
39081,2,55,1,30,,,1,30,2,55,,,,
39083,2,20,2,0,,,,,,,1,0,,
39085,3,150,2,50,,,2,50,3,150,,,,
39087,2,0,,,,,,,2,0,,,,
39089,3,250,1,200,,,,,3,250,1,200,,
39093,6,620,5,0,,,5,0,6,620,,,,
39095,14,840,6,150,,,3,50,8,520,2,0,2,0
39099,7,1220,7,192,,,2,2,6,1210,4,140,,
39101,3,40,,,,,,,1,0,,,,
39103,2,300,1,0,,,,,2,300,,,,
39109,3,290,,,,,,,3,290,,,,
39111,1,0,,,,,,,,,,,,
39113,20,2300,2,0,,,,,18,2300,,,1,0
39119,1,0,,,,,,,,,,,1,0
39121,1,0,,,,,,,1,0,,,,
39133,10,480,,,,,,,10,480,,,,
39137,1,0,,,,,,,1,0,,,,
39139,6,200,3,31,,,,,4,170,,,,
39141,3,153,1,200,,,,,3,153,,,,
39145,2,0,,,,,,,2,0,,,,
39147,1,20,,,,,,,1,20,,,,
39151,9,886,5,95,,,,,8,875,1,0,,
39153,23,2554,2,0,,,1,0,22,2534,,,1,20
39155,3,1300,2,0,,,2,0,3,1300,,,,
39157,3,250,1,200,,,,,3,250,1,200,,
39161,2,70,,,,,,,1,50,,,,
39165,2,250,,,,,,,2,250,,,,
39167,1,100,1,0,,,,,1,100,,,,
39169,96,385,2,150,,,,,94,300,1,0,,
39173,5,1075,3,80,,,3,80,4,1050,,,1,25
40013,1,0,,,,,,,1,0,,,,
40019,2,220,,,,,,,2,220,,,,
40021,8,131,2,0,,,2,0,8,131,,,,
40027,16,1130,3,0,,,,,10,1040,,,,
40031,4,240,1,20,,,1,20,4,240,,,,
40041,1,150,1,0,,,,,1,150,,,,
40047,4,0,,,,,,,3,0,,,,
40049,2,40,,,,,,,2,40,,,,
40055,1,0,,,,,,,,,,,,
40101,3,65,,,,,,,2,0,,,,
40109,31,2575,10,1740,,,3,40,17,1950,4,1100,,
40115,2,0,,,,,,,2,0,,,,
40119,4,200,2,0,,,1,0,4,200,,,,
40121,2,100,,,,,,,1,0,,,,
40123,2,1000,1,100,,,,,1,1000,,,,
40125,1,20,,,,,,,1,20,,,,
40131,1,100,1,0,,,,,1,100,,,,
40137,2,40,,,,,,,1,20,,,,
40143,23,3962,7,505,,,3,5,20,3802,3,300,3,101
40145,1,150,1,200,,,,,1,150,,,,
40147,2,0,,,,,,,2,0,,,,
41003,13,6605,3,20,,,1,0,6,6510,,,,
41005,18,1260,10,340,,,3,140,16,1260,1,200,,
41007,6,210,3,25,1,10,1,25,4,200,,,,
41009,2,130,1,0,,,1,0,2,130,,,,
41011,60,800,1,0,,,,,59,800,,,,
41013,6,150,6,100,,,,,6,150,,,,
41015,4,175,2,60,,,2,60,1,100,,,,
41017,11,2470,9,350,,,6,350,9,2270,1,0,1,0
41019,3,210,6,290,,,1,100,2,200,4,170,,
41023,1,140,1,0,,,,,1,140,,,,
41027,3,900,,,,,,,3,900,,,,
41029,8,1310,6,310,,,4,310,5,1300,,,,
41031,1,200,1,0,,,1,0,,,,,,
41033,4,640,6,175,,,2,25,3,520,4,150,,
41035,3,200,6,1200,,,3,200,3,200,,,,
41039,72,15388,24,1050,,,1,120,61,14778,7,480,3,100
41041,13,141,,,,,,,13,141,,,,
41043,4,1055,3,400,,,,,2,1050,1,150,,
41045,2,400,2,250,,,2,250,2,400,,,,
41047,40,4902,35,5302,2,0,17,2582,24,3690,10,1115,4,2
41051,204,76055,18,2270,,,3,100,180,74495,4,1100,3,0
41053,95,450,3,40,,,1,0,95,450,,,,
41057,1,0,3,120,,,,,,,,,,
41059,6,270,6,155,,,1,0,5,270,3,5,,
41061,1,100,1,35,,,,,1,100,,,,
41063,2,201,2,230,,,,,2,201,,,,
41065,2,0,,,,,,,2,0,,,,
41067,10,1830,2,0,,,1,0,8,1630,1,0,,
41071,6,475,1,0,,,,,3,350,1,0,,
42001,3,10,4,0,,,,,3,10,,,,
42003,84,9044,10,330,,,7,180,61,8097,2,130,3,20
42007,6,720,2,20,,,,,3,680,2,20,1,25
42011,18,1485,5,655,,,,,8,1225,1,200,1,40
42013,3,815,2,0,,,1,0,2,800,,,,
42017,7,150,5,300,,,4,300,6,150,,,,
42019,1,0,,,,,,,1,0,,,,
42021,7,250,2,200,,,1,0,4,220,,,,
42025,1,1,1,100,,,1,100,1,1,,,,
42027,14,1940,1,10,,,,,9,1870,1,10,,
42029,15,2200,1,0,,,1,0,10,1870,,,,
42037,3,100,2,20,,,,,2,100,2,20,,
42041,10,970,2,0,,,,,9,720,,,,
42043,24,1815,13,4440,1,5,6,1910,13,1440,5,2330,1,0
42045,14,3186,11,405,,,5,105,11,3150,,,,
42049,11,3245,9,502,,,2,100,6,3100,3,300,2,45
42055,6,145,,,,,,,6,145,,,,
42069,12,2490,1,0,,,,,5,2300,,,3,20
42071,24,2240,6,241,,,1,100,14,1880,2,100,1,0
42073,3,120,,,,,,,2,100,,,,
42075,2,500,3,250,,,2,150,1,500,,,,
42077,11,770,5,230,,,3,30,7,650,,,1,100
42079,15,731,9,625,,,,,10,731,8,625,2,1
42081,5,271,4,140,,,1,25,5,271,1,100,1,1
42083,1,40,,,,,,,1,40,,,,
42085,7,410,2,0,,,1,0,7,410,,,,
42089,3,0,,,,,,,2,0,,,,
42091,11,2675,3,130,,,3,130,9,2550,,,,
42095,11,1820,3,130,,,1,30,8,1800,,,,
42097,6,725,2,0,,,,,5,625,1,0,,
42101,94,16363,16,551,1,3,2,15,53,14340,4,51,5,250
42103,1,50,4,600,,,1,100,,,3,500,,
42107,4,100,,,,,,,2,100,,,1,0
42109,4,425,,,,,,,4,425,,,,
42111,1,250,2,30,,,,,1,250,,,,
42119,9,365,2,100,,,,,5,120,,,,
42121,1,0,,,,,,,,,,,,
42123,2,10,,,,,,,1,0,,,,
42125,5,270,2,20,,,1,20,2,180,1,0,,
42127,1,100,2,30,,,1,30,1,100,,,,
42129,14,585,10,510,,,4,160,11,440,6,350,,
42131,2,30,1,0,,,,,2,30,,,,
42133,12,3109,2,100,,,2,100,11,3095,,,,
44001,4,210,,,,,,,4,210,,,,
44003,1,0,3,40,,,1,40,,,2,0,1,0
44005,3,1150,1,20,,,,,3,1150,1,20,,
44007,53,10595,11,1552,1,0,4,170,22,9345,3,127,,
44009,4,675,1,0,,,,,4,675,,,,
45003,13,480,2,104,,,1,4,10,360,,,,
45007,2,380,1,400,,,,,2,380,,,,
45013,13,1466,6,216,,,5,116,12,1466,,,,
45015,2,100,,,,,,,,,,,,
45019,40,4384,8,65,,,,,33,3804,,,,
45021,1,0,,,,,,,1,0,,,,
45023,2,220,,,,,,,2,220,,,,
45029,2,300,,,,,,,2,300,,,,
45031,2,0,,,,,,,2,0,,,,
45035,2,300,2,0,,,1,0,2,300,1,0,,
45041,6,450,,,,,,,5,450,,,,
45043,4,150,,,,,,,4,150,,,,
45045,18,1585,5,230,1,5,1,0,14,1580,,,3,0
45051,8,780,2,100,,,,,8,780,,,,
45057,1,100,,,,,,,1,100,,,,
45063,1,105,1,100,,,1,100,,,,,,
45073,1,1,1,0,,,,,1,1,,,,
45075,2,0,,,,,,,1,0,,,,
45077,4,3170,,,,,,,3,3130,,,,
45079,34,14515,9,429,,,2,200,22,14010,3,225,3,5
45083,2,0,,,,,,,2,0,,,,
45085,5,235,1,100,,,1,100,5,235,,,,
45091,4,2300,,,,,,,4,2300,,,,
46011,1,100,2,250,,,1,250,1,100,,,,
46013,7,73,,,,,,,5,63,,,,
46019,1,0,,,,,,,1,0,,,,
46027,1,0,,,,,,,1,0,,,,
46029,1,300,1,0,,,,,1,300,,,,
46065,3,10,1,20,,,,,1,0,1,20,,
46093,2,0,,,1,0,,,1,0,,,,
46099,11,3720,3,220,,,1,20,6,3320,1,100,,
46103,9,540,2,20,,,,,5,270,,,2,150
46107,1,0,1,0,,,,,1,0,,,,
47001,3,200,1,0,,,,,3,200,,,,
47009,1,200,,,,,,,1,200,,,,
47011,3,0,1,0,,,1,0,3,0,,,,
47019,1,0,1,0,,,,,1,0,,,,
47037,33,14765,16,1830,,,11,1380,25,14620,5,450,1,0
47045,3,60,2,20,,,,,3,60,,,,
47053,1,20,,,,,,,1,20,,,,
47055,1,100,1,20,,,,,1,100,,,,
47065,12,450,2,20,,,2,20,11,450,,,,
47073,2,100,2,200,,,,,2,100,,,,
47093,14,1460,3,95,,,2,95,9,1420,,,,
47113,8,760,1,16,,,1,16,7,710,,,,
47119,2,200,,,,,,,2,200,,,,
47125,6,645,,,,,,,5,625,,,1,20
47141,4,30,4,0,,,1,0,4,30,,,,
47149,9,1320,1,0,,,,,7,1320,,,,
47157,46,2290,6,34,,,2,7,37,2090,1,0,,
47163,3,160,3,0,,,,,2,140,2,0,,
47165,1,100,1,0,,,,,1,100,,,,
47167,1,0,,,,,,,1,0,,,,
47179,13,330,1,0,,,,,11,230,,,,
47187,3,430,4,30,,,3,30,3,430,1,0,,
47189,1,0,,,,,,,1,0,,,,
48001,1,50,,,,,,,1,50,,,,
48005,4,101,2,115,,,1,15,3,100,1,100,,
48021,2,10,,,,,,,1,0,,,,
48027,22,1665,4,725,,,,,13,1530,1,650,,
48029,38,107710,7,220,,,2,0,25,107390,2,120,,
48037,2,20,,,,,,,2,20,,,,
48039,3,600,1,0,,,,,2,600,,,,
48041,14,2220,3,45,,,,,9,2120,,,,
48043,1,100,,,,,,,1,100,,,,
48055,1,20,,,,,,,1,20,,,,
48061,9,315,1,100,,,,,2,130,1,100,,
48067,1,0,,,,,,,1,0,,,,
48071,2,60,,,,,,,2,60,,,,
48073,2,250,,,,,,,2,250,,,,
48085,1,0,1,100,,,1,100,1,0,,,,
48091,2,1300,4,400,,,1,300,2,1300,2,100,,
48099,3,20,1,50,,,,,,,,,,
48113,127,6283,7,350,,,1,100,119,6250,5,250,1,5
48121,15,1345,3,255,,,,,13,1145,,,,
48123,1,0,,,,,,,1,0,,,,
48135,6,400,4,140,,,2,40,4,400,,,1,0
48141,27,1475,5,150,1,0,2,100,9,1240,,,,
48147,1,0,,,,,,,1,0,,,,
48157,1,20,,,,,,,1,20,,,,
48167,8,230,5,0,,,1,0,8,230,1,0,,
48179,1,0,,,,,,,1,0,,,,
48181,2,400,,,,,,,2,400,,,,
48183,10,220,4,0,,,1,0,8,150,2,0,,
48187,2,200,,,,,,,2,200,,,,
48201,39,97025,6,1420,,,4,20,17,95160,1,1300,1,0
48203,8,110,5,70,,,1,50,8,110,1,0,,
48209,4,100,1,0,,,,,3,100,,,,
48213,2,560,,,,,,,2,560,,,,
48215,4,1500,3,1,,,1,0,3,1500,1,0,,
48227,3,40,1,20,,,1,20,3,40,,,,
48231,4,115,3,7,,,2,7,4,115,,,,
48239,1,80,,,,,,,1,80,,,,
48241,1,0,,,,,,,1,0,,,,
48245,4,550,3,10,,,2,10,3,550,1,0,,
48259,1,0,,,,,,,1,0,,,,
48265,1,0,2,0,,,,,1,0,1,0,,
48273,1,225,,,,,,,1,225,,,,
48277,2,30,1,5,,,1,5,2,30,,,,
48303,6,510,2,200,,,1,0,3,500,,,,
48309,2,550,1,0,,,1,0,2,550,,,,
48315,1,60,,,,,,,1,60,,,,
48329,7,395,6,30,,,,,5,345,2,30,,
48339,4,100,1,100,,,,,4,100,1,100,,
48347,5,258,,,,,,,5,258,,,,
48349,1,0,,,,,,,1,0,,,,
48355,12,525,3,70,1,0,1,20,4,300,2,50,1,40
48361,2,100,,,,,,,2,100,,,,
48367,7,230,6,720,,,,,7,230,,,,
48375,5,240,1,0,1,0,,,3,200,,,,
48381,1,200,1,2,,,,,1,200,,,,
48397,1,100,,,,,,,1,100,,,,
48419,1,0,,,,,,,,,,,,
48423,7,270,5,110,,,2,100,5,250,1,0,,
48439,31,2475,15,383,,,7,20,26,1455,4,243,,
48441,7,1750,1,40,,,,,6,1750,,,,
48449,1,0,,,,,,,1,0,,,,
48451,3,100,1,75,,,1,75,2,100,,,,
48453,55,8875,34,1610,,,12,1130,34,5025,10,405,3,0
48465,2,300,1,0,,,,,2,300,,,,
48469,2,620,4,225,,,1,0,2,620,,,,
48471,8,185,,,,,,,8,185,,,,
48477,1,50,,,,,,,1,50,,,,
48479,8,550,3,60,,,1,60,2,150,,,,
48485,6,520,1,20,,,,,6,520,,,,
48491,12,850,3,23,,,,,8,700,,,,
48497,3,2500,,,,,,,3,2500,,,,
48499,1,0,1,0,,,1,0,1,0,,,,
49005,8,595,5,30,,,,,2,450,4,30,,
49011,2,90,2,100,,,2,100,,,,,,
49019,1,600,,,,,,,1,600,,,,
49021,2,120,2,100,,,1,0,2,120,,,,
49025,1,0,,,,,,,1,0,,,,
49035,80,14596,34,4350,,,12,1720,51,12721,5,620,2,20
49043,2,400,1,0,,,1,0,1,300,,,,
49045,1,0,4,1000,,,3,1000,1,0,,,,
49049,10,423,10,595,1,3,7,495,5,390,1,0,,
49051,1,30,,,,,,,,,,,,
49053,7,10732,10,830,,,5,120,7,10732,,,,
49057,10,1097,,,,,,,6,1007,,,,
50001,7,700,,,,,,,5,500,,,,
50003,5,230,1,30,,,1,30,3,230,,,,
50005,2,150,,,,,,,1,150,,,,
50007,45,5135,4,100,,,,,33,4715,1,100,1,0
50011,1,0,1,0,,,,,1,0,,,,
50015,1,200,,,,,,,1,200,,,,
50017,1,250,,,,,,,1,250,,,,
50019,2,120,1,200,,,,,2,120,1,200,,
50021,4,500,1,100,,,,,2,500,,,,
50023,17,5784,11,838,2,4,1,7,8,5450,5,81,1,20
50025,13,1701,1,0,,,,,8,1590,1,0,,
50027,5,656,,,,,,,4,656,,,,
51003,4,120,,,,,,,3,120,,,,
51009,1,100,,,,,,,1,100,,,,
51019,1,0,,,,,,,1,0,,,,
51041,8,225,3,120,,,2,20,4,225,,,,
51043,1,200,,,,,,,1,200,,,,
51047,2,800,3,80,,,,,2,800,1,80,,
51061,1,250,,,,,,,1,250,,,,
51063,2,5,2,21,,,,,2,5,,,,
51065,1,0,,,,,,,1,0,,,,
51067,3,100,,,,,,,2,90,,,,
51073,2,0,,,,,,,2,0,,,,
51075,1,100,,,,,,,1,100,,,,
51079,1,0,,,,,,,1,0,,,,
51085,5,230,2,70,,,2,70,2,100,,,,
51087,4,450,1,0,,,,,3,400,1,0,,
51095,2,80,,,,,,,2,80,,,,
51099,1,75,,,,,,,1,75,,,,
51107,6,122,2,1,,,,,1,0,2,1,1,2
51109,1,100,1,4,,,,,1,100,,,,
51121,8,700,,,,,,,4,700,,,,
51137,1,100,1,0,,,,,1,100,,,,
51139,1,0,,,,,,,1,0,,,,
51147,1,20,,,,,,,,,,,,
51153,2,95,3,0,,,3,0,2,95,,,,
51155,1,50,,,,,,,,,,,,
51165,2,120,1,0,,,,,1,100,,,,
51171,1,0,1,0,,,,,1,0,,,,
51173,2,200,2,200,,,,,2,200,,,,
51177,1,50,,,,,,,1,50,,,,
51179,1,200,,,,,,,1,200,,,,
51187,2,100,1,0,,,,,1,100,,,,
51193,2,400,,,,,,,2,400,,,,
51195,2,150,,,,,,,2,150,,,,
51197,1,300,1,100,,,,,1,300,,,,
51510,2,0,1,1,,,,,2,0,,,,
51540,20,2090,,,,,,,16,1690,,,1,100
51550,3,300,,,,,,,2,200,,,,
51570,1,0,,,,,,,1,0,,,,
51590,4,310,,,,,,,4,310,,,,
51630,16,510,2,250,,,1,250,16,510,,,,
51650,9,410,,,,,,,8,410,,,,
51660,6,140,,,,,,,4,140,,,,
51680,12,740,1,0,,,,,11,730,1,0,,
51683,2,300,,,,,,,1,200,,,,
51700,8,350,2,20,,,,,6,150,,,1,200
51710,18,1270,,,,,,,15,1270,,,,
51720,1,80,,,,,,,1,80,,,,
51730,1,500,,,,,,,1,500,,,,
51740,11,215,2,250,,,,,11,215,,,,
51750,1,100,,,,,,,1,100,,,,
51760,72,8457,20,24290,2,2,7,170,44,5135,3,0,2,75
51770,16,1180,2,100,,,,,14,380,,,,
51775,3,50,1,80,,,,,2,50,,,,
51790,11,430,1,75,,,,,7,350,1,75,,
51800,3,1142,,,,,,,2,1140,,,,
51810,19,1925,2,450,,,,,16,1915,1,0,,
51820,6,340,,,,,,,5,330,,,,
51830,6,1090,2,70,,,2,70,5,1050,,,,
51840,4,1100,1,0,,,,,3,1100,1,0,,
53005,9,2600,15,1360,,,8,760,9,2600,3,340,,
53007,6,2530,7,130,,,2,40,2,2300,4,90,,
53009,11,1060,1,70,,,,,7,680,1,70,1,0
53011,20,2535,17,905,,,5,160,17,2480,1,200,,
53015,8,390,6,335,,,2,230,7,325,,,,
53021,10,215,5,280,1,5,3,180,6,180,,,,
53025,1,0,,,,,,,1,0,,,,
53029,3,350,1,40,,,,,2,250,1,40,,
53031,8,385,2,30,,,,,3,225,1,30,,
53033,146,97903,19,800,,,9,360,117,97040,4,20,3,0
53035,8,1640,,,,,,,7,1640,,,,
53037,103,200,,,,,,,102,160,,,,
53039,2,60,2,102,,,,,2,60,,,,
53047,1,10,2,75,,,,,1,10,,,,
53053,16,4000,3,50,,,2,50,15,4000,,,,
53055,3,700,,,,,,,2,700,,,,
53057,10,610,,,,,,,8,610,,,,
53061,33,2341,7,730,,,3,220,30,2241,1,200,,
53063,26,6965,22,2355,2,210,12,1835,13,5410,2,120,,
53067,28,1830,17,5050,,,10,4320,16,1130,4,450,3,120
53071,4,210,1,100,,,1,100,3,110,,,,
53073,16,9100,2,0,,,1,0,12,9100,,,,
53075,3,302,4,122,,,3,120,2,300,,,,
53077,12,980,4,602,,,1,400,9,680,,,,
54003,4,110,2,0,,,1,0,3,100,1,0,,
54011,5,145,2,0,,,,,3,120,1,0,,
54029,1,100,,,,,,,1,100,,,,
54033,1,200,2,25,,,,,1,200,,,,
54037,2,500,1,40,,,,,2,500,,,,
54039,9,550,6,240,,,3,140,5,400,,,,
54045,2,30,1,0,,,,,2,30,,,,
54049,4,125,1,0,,,,,4,125,,,,
54051,1,30,,,,,,,,,,,,
54057,2,50,,,,,,,2,50,,,,
54059,2,70,,,,,,,2,70,,,,
54061,9,1720,4,150,,,2,20,8,1700,,,,
54065,1,0,1,0,,,,,1,0,,,,
54069,1,10,,,,,,,,,,,,
54077,2,70,2,81,,,,,2,70,,,,
54081,3,50,,,,,,,3,50,,,,
54083,1,0,1,0,,,,,1,0,,,,
54107,5,32,5,171,,,,,2,2,3,171,,
55003,3,118,,,,,,,2,118,,,,
55005,2,140,1,100,,,,,2,140,,,,
55009,16,1550,4,70,,,1,20,13,1530,2,0,1,20
55015,2,0,,,,,,,2,0,,,,
55019,1,0,,,,,,,,,,,,
55021,1,60,1,0,,,1,0,1,60,,,,
55025,67,9086,16,1840,3,0,10,1740,44,8226,6,100,1,20
55027,1,150,,,,,,,1,150,,,,
55029,1,300,,,,,,,1,300,,,,
55031,1,100,,,,,,,1,100,,,,
55033,1,0,,,,,,,1,0,,,,
55035,6,1400,5,25,,,2,0,6,1400,,,,
55039,2,100,,,,,,,2,100,,,,
55045,1,80,,,,,,,1,80,,,,
55055,5,50,,,,,,,5,50,,,,
55059,30,2209,7,375,,,,,26,2064,2,70,2,120
55061,1,0,,,,,,,1,0,,,,
55063,9,1220,2,0,,,,,7,1220,,,,
55071,2,40,1,0,,,1,0,2,40,,,,
55073,4,460,2,130,,,2,130,4,460,,,,
55079,86,17561,12,1101,1,0,5,50,68,17076,5,1050,6,305
55083,1,20,,,,,,,1,20,,,,
55085,2,175,,,,,,,2,175,,,,
55087,7,1370,4,0,,,1,0,6,1350,,,,
55089,5,750,1,100,,,1,100,5,750,,,,
55093,2,110,1,1500,,,,,2,110,1,1500,,
55097,2,1000,1,0,,,,,2,1000,,,,
55101,9,220,2,100,,,2,100,8,220,,,,
55105,7,490,,,,,,,7,490,,,,
55109,2,200,,,,,,,2,200,,,,
55111,2,120,,,,,,,2,120,,,,
55113,4,125,,,,,,,3,110,,,,
55117,6,300,1,100,,,,,5,300,,,,
55131,2,0,1,0,,,,,2,0,,,,
55133,9,930,3,1370,1,0,3,1370,8,930,,,,
55135,4,0,2,0,,,,,4,0,,,,
55139,7,110,2,10,,,1,10,6,110,1,0,1,0
55141,2,120,1,100,,,1,100,2,120,,,,
56001,13,0,5,5,,,,,13,0,,,,
56013,1,0,,,,,,,,,,,,
56021,5,110,8,885,,,4,305,4,60,4,580,,
56025,4,520,2,20,,,1,20,3,500,,,,
56029,2,302,2,70,1,2,1,50,1,300,,,,
56033,1,500,1,20,,,,,1,500,,,,
56035,1,100,,,,,,,1,100,,,,
56037,4,0,,,,,,,4,0,,,,
56039,3,551,4,20,,,,,2,550,1,0,1,1
72127,2,0,,,,,,,2,0,,,,
01003,,,2,0,,,,,,,2,0,,
01051,,,1,0,,,,,,,,,,
01061,,,1,20,,,1,20,,,,,,
01085,,,1,0,,,,,,,,,,
01121,,,1,0,,,,,,,,,,
02122,,,2,25,,,1,15,,,1,10,,
04017,,,1,5,,,1,5,,,,,,
08039,,,1,0,,,,,,,,,,
08085,,,1,20,,,1,20,,,,,,
12119,,,1,0,,,,,,,1,0,,
13013,,,1,0,,,1,0,,,,,,
13047,,,1,0,,,,,,,,,,
13057,,,1,300,,,,,,,,,,
13181,,,1,100,,,,,,,1,100,,
16027,,,1,50,,,1,50,,,,,,
16045,,,2,0,,,2,0,,,,,,
16075,,,4,150,,,1,0,,,3,150,,
16083,,,1,100,,,,,,,,,,
17017,,,1,100,,,1,100,,,,,,
17067,,,1,200,,,1,200,,,,,,
18029,,,1,0,,,,,,,1,0,,
18069,,,1,0,,,1,0,,,,,,
18181,,,1,0,,,,,,,,,,
18183,,,1,0,,,,,,,,,,
20041,,,1,0,,,1,0,,,,,,
20151,,,1,25,,,,,,,,,,
21029,,,1,20,,,,,,,,,,
21109,,,1,20,,,,,,,,,,
21179,,,1,100,,,,,,,,,,
22093,,,1,0,,,,,,,,,,
24015,,,1,20,,,1,20,,,,,,
26013,,,1,20,,,1,20,,,,,,
26037,,,1,0,,,1,0,,,,,,
26123,,,1,100,,,1,100,,,,,,
26153,,,1,0,,,,,,,,,,
27047,,,1,20,,,1,20,,,,,,
27135,,,1,0,,,1,0,,,,,,
29047,,,1,0,,,,,,,,,,
29091,,,1,20,,,,,,,,,,
29109,,,1,75,,,1,75,,,,,,
29145,,,1,0,,,1,0,,,,,,
29201,,,1,0,,,,,,,1,0,,
30009,,,1,200,,,,,,,,,,
30019,,,1,0,,,1,0,,,,,,
30067,,,1,0,,,1,0,,,,,,
31025,,,1,0,,,,,,,,,,
32023,,,5,120,,,3,80,,,1,20,,
32027,,,1,100,,,1,100,,,,,,
35039,,,1,0,,,,,,,,,,
35051,,,1,60,,,1,60,,,,,,
35061,,,1,300,,,1,300,,,,,,
36035,,,3,60,,,2,20,,,,,,
36107,,,1,30,,,1,30,,,,,,
37019,,,2,20,,,2,20,,,,,,
37027,,,1,0,,,,,,,1,0,,
37031,,,1,500,,,,,,,1,500,,
37059,,,2,0,,,1,0,,,,,,
39021,,,1,0,,,1,0,,,,,,
39027,,,1,0,,,,,,,,,,
39105,,,1,0,,,1,0,,,,,,
39135,,,1,0,,,1,0,,,,,,
39149,,,1,0,,,,,,,1,0,,
40001,,,1,400,,,,,,,,,,
42039,,,1,500,,,,,,,1,500,,
42051,,,1,0,,,,,,,,,,
42063,,,2,20,,,1,20,,,1,0,,
42105,,,1,0,,,,,,,,,,
48251,,,3,0,,,1,0,,,,,,
48365,,,1,0,,,,,,,1,0,,
49039,,,2,0,,,2,0,,,,,,
49047,,,1,0,,,1,0,,,,,,
51013,,,2,20,,,2,20,,,,,,
51031,,,1,300,,,1,300,,,,,,
51059,,,1,0,,,1,0,,,,,,
51191,,,2,45,,,,,,,1,0,,
51600,,,1,0,,,,,,,1,0,,
53041,,,1,100,,,1,100,,,,,,
54053,,,1,0,,,,,,,,,,
55049,,,1,0,,,1,0,,,,,,
